,year_founded,employees,net_assets,net_assets_year
count,95.0,84.0,36.0,19.0
mean,1957.6947368421052,2332.154761904762,194922649083.33334,2019.578947368421
std,41.100311559674964,6677.675904218793,1166584908921.716,1.9809029779843166
min,1831.0,21.0,50000.0,2016.0
25%,1946.0,200.0,88500000.0,2018.0
50%,1966.0,400.0,303500000.0,2019.0
75%,1989.5,2100.0,476000000.0,2021.0
max,2017.0,46000.0,7000000000000.0,2022.0
null values count,3003.0,3014.0,3062.0,3079.0
